method,requested_size,actual_size,matrix_dim,max_error,cpu_time,peak_ram_mb,note
2D FEPG-DEMM,3,3,9,1.2212453270876722e-15,1.3749499998084502e-02,4.1945362091064453e-01,
2D FEPG-DEMM,5,5,25,7.7715611723760958e-16,1.3974800000141840e-02,4.2713928222656250e-01,
2D L1 FDM,50,50,2500,8.0355529710074425e-04,8.9563380000254256e-01,1.4309146118164062e+02,
2D L1 FDM,80,80,6400,1.0119398663717138e-03,1.7594891000007920e+00,9.3759907531738281e+02,
2D L1 FDM,100,100,10000,1.1295176110202032e-03,5.7468461999997089e+00,2.2889724884033203e+03,
2D L1 FDM,110,110,12100,1.1838879153063253e-03,6.6286328000023786e+00,3.3512452087402344e+03,
