case_key,observation_count,slope,observation_rmse,max_reaction_error,mean_reaction_error,cpu_time
reaction_slope0.05,20,5.0000000000000003e-02,1.2596545434430525e-04,2.7968619866835853e-02,1.2078123996898889e-02,8.7246419999792124e-01
reaction_slope0.05,40,5.0000000000000003e-02,2.1827389578608951e-04,4.9984488339866129e-02,2.4979952939727483e-02,7.9231190000064089e-01
reaction_slope0.10,20,1.0000000000000001e-01,3.1222597940613899e-04,5.2219225987312212e-02,2.3795274834255933e-02,1.2199642000014137e+00
reaction_slope0.10,40,1.0000000000000001e-01,4.9348988291370911e-04,7.7905616888079399e-02,3.2948174401847857e-02,1.9547330999994301e+00
