case_key,observation_count,true_epsilon,estimated_epsilon,true_alpha,estimated_alpha,epsilon_abs_error,alpha_abs_error,observation_rmse,cpu_time
eps1e-1_alpha0.80,11,1.0000000000000001e-01,1.0602120448488528e-01,8.0000000000000004e-01,7.8717331769749865e-01,6.0212044848852730e-03,1.2826682302501391e-02,2.6683213661345042e-04,1.0492500559999826e+02
eps1e-1_alpha0.80,21,1.0000000000000001e-01,9.6644344517661240e-02,8.0000000000000004e-01,8.1629705597353686e-01,3.3556554823387652e-03,1.6297055973536811e-02,9.4145225957707951e-04,1.3749458880000020e+02
eps5e-2_alpha0.72,11,5.0000000000000003e-02,5.1466932532522595e-02,7.1999999999999997e-01,5.9066008105505530e-01,1.4669325325225926e-03,1.2933991894494468e-01,3.3767004070435424e-03,4.4327569100001710e+01
eps5e-2_alpha0.72,21,5.0000000000000003e-02,5.7301054919436149e-02,7.1999999999999997e-01,5.8860632650687372e-01,7.3010549194361465e-03,1.3139367349312625e-01,6.7152957866112610e-03,3.5125875500001712e+01
