method,requested_size,actual_size,matrix_dim,max_error,cpu_time,peak_ram_mb,note
2D FEPG-DEMM,3,3,9,1.2212453270876722e-15,1.5928700000586105e-02,4.2000007629394531e-01,
2D FEPG-DEMM,5,5,25,8.8817841970012523e-16,1.6232699999818578e-02,4.2790222167968750e-01,
2D FEPG-DEMM,7,7,49,9.9920072216264089e-16,1.5459500000361004e-02,4.4955444335937500e-01,
2D L1 FDM,50,50,2500,8.0355529710074425e-04,2.4865750000026310e-01,1.4309146118164062e+02,
2D L1 FDM,100,100,10000,1.1295176110202032e-03,4.1839811000008922e+00,2.2889725189208984e+03,
2D L1 FDM,150,120,14400,1.2358399706503542e-03,9.0890119000014238e+00,4.7463151702880859e+03,requested 150; auto-reduced to 120 by RAM guard
